<?xml version="1.0" encoding="UTF-8"?>
<!DOCTYPE editor-preferences PUBLIC "-//NetBeans//DTD Editor Preferences 1.0//EN" "http://www.netbeans.org/dtds/EditorPreferences-1_0.dtd">
<editor-preferences>
    <entry javaType="java.lang.Boolean" name="alignJavadocExceptionDescriptions" xml:space="preserve"><value><![CDATA[true]]></value></entry>
    <entry javaType="java.lang.Boolean" name="alignJavadocParameterDescriptions" xml:space="preserve"><value><![CDATA[true]]></value></entry>
    <entry javaType="java.lang.Boolean" name="alignJavadocReturnDescription" xml:space="preserve"><value><![CDATA[true]]></value></entry>
    <entry javaType="java.lang.String" name="continuationIndentSize" xml:space="preserve"><value><![CDATA[4]]></value></entry>
    <entry javaType="java.lang.Boolean" name="enable-indent" xml:space="preserve"><value><![CDATA[true]]></value></entry>
    <entry javaType="java.lang.Boolean" name="enableBlockCommentFormatting" xml:space="preserve"><value><![CDATA[true]]></value></entry>
    <entry javaType="java.lang.String" name="importGroupsOrder" xml:space="preserve"><value><![CDATA[*]]></value></entry>
    <entry javaType="java.lang.Integer" name="indent-shift-width" xml:space="preserve"><value><![CDATA[2]]></value></entry>
    <entry javaType="java.lang.Boolean" name="separateImportGroups" xml:space="preserve"><value><![CDATA[false]]></value></entry>
    <entry javaType="java.lang.Boolean" name="sortMembersByVisibility" xml:space="preserve"><value><![CDATA[true]]></value></entry>
    <entry javaType="java.lang.Boolean" name="sortMembersInGroups" xml:space="preserve"><value><![CDATA[true]]></value></entry>
    <entry javaType="java.lang.Integer" name="spaces-per-tab" xml:space="preserve"><value><![CDATA[2]]></value></entry>
    <entry javaType="java.lang.Integer" name="tab-size" xml:space="preserve"><value><![CDATA[4]]></value></entry>
    <entry javaType="java.lang.Integer" name="text-limit-width" xml:space="preserve"><value><![CDATA[100]]></value></entry>
    <entry javaType="java.lang.String" name="text-line-wrap" xml:space="preserve"><value><![CDATA[words]]></value></entry>
    <entry javaType="java.lang.Boolean" name="wrapAfterDotInChainedMethodCalls" xml:space="preserve"><value><![CDATA[false]]></value></entry>
    <entry javaType="java.lang.String" name="wrapAnnotationArgs" xml:space="preserve"><value><![CDATA[WRAP_IF_LONG]]></value></entry>
    <entry javaType="java.lang.String" name="wrapArrayInit" xml:space="preserve"><value><![CDATA[WRAP_IF_LONG]]></value></entry>
    <entry javaType="java.lang.String" name="wrapAssert" xml:space="preserve"><value><![CDATA[WRAP_IF_LONG]]></value></entry>
    <entry javaType="java.lang.String" name="wrapAssignOps" xml:space="preserve"><value><![CDATA[WRAP_IF_LONG]]></value></entry>
    <entry javaType="java.lang.String" name="wrapBinaryOps" xml:space="preserve"><value><![CDATA[WRAP_IF_LONG]]></value></entry>
    <entry javaType="java.lang.String" name="wrapCaseStatements" xml:space="preserve"><value><![CDATA[WRAP_IF_LONG]]></value></entry>
    <entry javaType="java.lang.String" name="wrapChainedMethodCalls" xml:space="preserve"><value><![CDATA[WRAP_ALWAYS]]></value></entry>
    <entry javaType="java.lang.String" name="wrapDisjunctiveCatchTypes" xml:space="preserve"><value><![CDATA[WRAP_IF_LONG]]></value></entry>
    <entry javaType="java.lang.String" name="wrapDoWhileStatement" xml:space="preserve"><value><![CDATA[WRAP_IF_LONG]]></value></entry>
    <entry javaType="java.lang.String" name="wrapEnumConstants" xml:space="preserve"><value><![CDATA[WRAP_IF_LONG]]></value></entry>
    <entry javaType="java.lang.String" name="wrapExportsToKeyword" xml:space="preserve"><value><![CDATA[WRAP_IF_LONG]]></value></entry>
    <entry javaType="java.lang.String" name="wrapExportsToList" xml:space="preserve"><value><![CDATA[WRAP_IF_LONG]]></value></entry>
    <entry javaType="java.lang.String" name="wrapExtendsImplementsKeyword" xml:space="preserve"><value><![CDATA[WRAP_IF_LONG]]></value></entry>
    <entry javaType="java.lang.String" name="wrapExtendsImplementsList" xml:space="preserve"><value><![CDATA[WRAP_IF_LONG]]></value></entry>
    <entry javaType="java.lang.String" name="wrapFor" xml:space="preserve"><value><![CDATA[WRAP_IF_LONG]]></value></entry>
    <entry javaType="java.lang.String" name="wrapForStatement" xml:space="preserve"><value><![CDATA[WRAP_IF_LONG]]></value></entry>
    <entry javaType="java.lang.String" name="wrapIfStatement" xml:space="preserve"><value><![CDATA[WRAP_IF_LONG]]></value></entry>
    <entry javaType="java.lang.String" name="wrapLambdaArrow" xml:space="preserve"><value><![CDATA[WRAP_IF_LONG]]></value></entry>
    <entry javaType="java.lang.String" name="wrapLambdaParams" xml:space="preserve"><value><![CDATA[WRAP_IF_LONG]]></value></entry>
    <entry javaType="java.lang.String" name="wrapMethodCallArgs" xml:space="preserve"><value><![CDATA[WRAP_IF_LONG]]></value></entry>
    <entry javaType="java.lang.String" name="wrapMethodParams" xml:space="preserve"><value><![CDATA[WRAP_ALWAYS]]></value></entry>
    <entry javaType="java.lang.String" name="wrapOpensToKeyword" xml:space="preserve"><value><![CDATA[WRAP_IF_LONG]]></value></entry>
    <entry javaType="java.lang.String" name="wrapOpensToList" xml:space="preserve"><value><![CDATA[WRAP_IF_LONG]]></value></entry>
    <entry javaType="java.lang.String" name="wrapProvidesWithKeyword" xml:space="preserve"><value><![CDATA[WRAP_IF_LONG]]></value></entry>
    <entry javaType="java.lang.String" name="wrapProvidesWithList" xml:space="preserve"><value><![CDATA[WRAP_IF_LONG]]></value></entry>
    <entry javaType="java.lang.String" name="wrapTernaryOps" xml:space="preserve"><value><![CDATA[WRAP_IF_LONG]]></value></entry>
    <entry javaType="java.lang.String" name="wrapThrowsKeyword" xml:space="preserve"><value><![CDATA[WRAP_ALWAYS]]></value></entry>
    <entry javaType="java.lang.String" name="wrapThrowsList" xml:space="preserve"><value><![CDATA[WRAP_IF_LONG]]></value></entry>
    <entry javaType="java.lang.String" name="wrapTryResources" xml:space="preserve"><value><![CDATA[WRAP_IF_LONG]]></value></entry>
    <entry javaType="java.lang.String" name="wrapWhileStatement" xml:space="preserve"><value><![CDATA[WRAP_IF_LONG]]></value></entry>
    <entry name="code-folding-collapse-innerclass" remove="true"/>
    <entry name="code-folding-collapse-javadoc" remove="true"/>
    <entry name="code-folding-collapse-method" remove="true"/>
</editor-preferences>
